ORIGIN_AIRPORT_ID,CODE,ORIGIN_STATE_ABR,NAME,LOCATION,total_2019,total_2020,total_2021,total_2022
10135,ABE,PA,Lehigh Valley International,Allentown/Bethlehem/Easton,6505,3782,5312,5091
10136,ABI,TX,Abilene Regional,Abilene,2312,1695,2394,1924
10140,ABQ,NM,Albuquerque International Sunport,Albuquerque,27807,16098,19070,22334
10141,ABR,SD,Aberdeen Regional,Aberdeen,740,690,754,700
10146,ABY,GA,Southwest Georgia Regional,Albany,1013,748,1051,961
10154,ACK,MA,Nantucket Memorial,Nantucket,12759,7424,10626,8589
10155,ACT,TX,Waco Regional,Waco,1777,1074,1602,1689
10157,ACV,CA,California Redwood Coast Humboldt County,Arcata/Eureka,1930,1136,1850,2122
10158,ACY,NJ,Atlantic City International,Atlantic City,3118,1912,3069,3177
10185,AEX,LA,Alexandria International,Alexandria,3232,2233,2961,2291
10208,AGS,GA,Augusta Regional at Bush Field,Augusta,5337,3676,4801,4530
10257,ALB,NY,Albany International,Albany,18020,9817,11656,14385
10268,ALO,IA,Waterloo Regional,Waterloo,669,435,538,674
10275,ALW,WA,Walla Walla Regional,Walla Walla,864,604,739,591
10279,AMA,TX,Rick Husband Amarillo International,Amarillo,5817,3669,4648,5142
10333,APN,MI,Alpena County Regional,Alpena,608,604,618,608
10361,ART,NY,Watertown International,Watertown,671,584,618,625
10372,ASE,CO,Aspen Pitkin County Sardy Field,Aspen,6065,4299,5480,5908
10397,ATL,GA,Hartsfield-Jackson Atlanta International,Atlanta,395557,245314,312541,314165
10408,ATW,WI,Appleton International,Appleton,6690,4736,7185,6120
10409,ATY,SD,Watertown Regional,Watertown,502,588,916,623
10423,AUS,TX,Austin - Bergstrom International,Austin,67047,36881,60706,87491
10431,AVL,NC,Asheville Regional,Asheville,10702,6629,10199,10261
10434,AVP,PA,Wilkes Barre Scranton International,Scranton/Wilkes-Barre,5970,2818,2944,2816
10466,AZA,AZ,Phoenix - Mesa Gateway,Phoenix,5687,4873,5985,5759
10469,AZO,MI,Kalamazoo/Battle Creek International,Kalamazoo,3697,2087,2134,1661
10529,BDL,CT,Bradley International,Hartford,29137,15666,20757,23788
10558,BFF,NE,Western Neb. Regional/William B. Heilig Field,Scottsbluff,668,674,672,789
10559,BFI,WA,Boeing Field/King County International,Seattle,1933,752,1357,1898
10561,BFL,CA,Meadows Field,Bakersfield,2439,1965,2665,2497
10562,BFM,AL,Mobile International,Mobile,154,40,1,0
10577,BGM,NY,Greater Binghamton/Edwin A. Link Field,Binghamton,951,425,364,376
10581,BGR,ME,Bangor International,Bangor,5600,2931,5037,5259
10599,BHM,AL,Birmingham-Shuttlesworth International,Birmingham,20631,11549,14377,14992
10613,BID,RI,Block Island State,Block Island,4132,3274,4026,3765
10617,BIH,CA,Bishop Airport,Bishop,0,0,45,334
10620,BIL,MT,Billings Logan International,Billings,10032,8998,10054,7459
10627,BIS,ND,Bismarck Municipal,Bismarck/Mandan,5295,3515,4144,3625
10631,BJI,MN,Bemidji Regional,Bemidji,964,915,971,849
10643,BKG,MO,Branson Airport,Branson,222,62,70,47
10654,BKW,WV,Raleigh County Memorial,Beckley,1096,1142,1339,1175
10666,BLI,WA,Bellingham International,Bellingham,3279,1438,2374,3618
10676,BLV,IL,Scott AFB MidAmerica St Louis,Belleville,1010,993,1270,1114
10685,BMI,IL,Central Il Regional Airport at Bloomington,Bloomington/Normal,3004,1889,2620,2571
10693,BNA,TN,Nashville International,Nashville,85202,58223,76248,88787
10713,BOI,ID,Boise Air Terminal,Boise,25687,18804,25010,26065
10721,BOS,MA,Logan International,Boston,168616,83787,106229,149074
10728,BPT,TX,Jack Brooks Regional,Beaumont/Port Arthur,961,646,939,782
10731,BQK,GA,Brunswick Golden Isles,Brunswick,1035,785,1030,870
10739,BRD,MN,Brainerd Lakes Regional,Brainerd,641,615,639,731
10747,BRO,TX,Brownsville South Padre Island International,Brownsville,2664,1765,2373,2292
10779,BTM,MT,Bert Mooney,Butte,677,628,690,605
10781,BTR,LA,Baton Rouge Metropolitan/Ryan Field,Baton Rouge,7632,4515,5647,5493
10785,BTV,VT,Burlington International,Burlington,11734,5546,7142,9115
10792,BUF,NY,Buffalo Niagara International,Buffalo,27938,13534,16701,20400
10800,BUR,CA,Bob Hope,Burbank,31457,16096,20223,31716
10821,BWI,MD,Baltimore/Washington International Thurgood Marshall,Baltimore,107760,71127,76375,85362
10849,BZN,MT,Bozeman Yellowstone International,Bozeman,8359,6929,11659,10154
10868,CAE,SC,Columbia Metropolitan,Columbia,11371,6929,8252,8368
10874,CAK,OH,Akron-Canton Regional,Akron,7598,3669,3887,3848
10918,CDC,UT,Cedar City Regional,Cedar City,766,414,627,625
10967,CGI,MO,Cape Girardeau Regional,Cape Girardeau,926,567,598,615
10980,CHA,TN,Lovell Field,Chattanooga,10184,5578,7060,6668
10990,CHO,VA,Charlottesville Albemarle,Charlottesville,8819,4426,4867,5644
10994,CHS,SC,Charleston AFB/International,Charleston,27095,15345,25169,26505
11003,CID,IA,The Eastern Iowa,Cedar Rapids/Iowa City,10451,6660,8996,8271
11013,CIU,MI,Chippewa County International,Sault Ste. Marie,667,703,731,709
11027,CKB,WV,North Central West Virginia,Clarksburg/Fairmont,905,775,921,1037
11042,CLE,OH,Cleveland-Hopkins International,Cleveland,51455,27258,34769,38427
11049,CLL,TX,Easterwood Field,College Station/Bryan,2248,1409,2030,1314
11057,CLT,NC,Charlotte Douglas International,Charlotte,253084,176723,224392,211216
11066,CMH,OH,John Glenn Columbus International,Columbus,49448,26730,32352,38874
11067,CMI,IL,University of Illinois/Willard,Champaign/Urbana,2810,1501,1724,1491
11076,CMX,MI,Houghton County Memorial,Hancock/Houghton,685,676,711,639
11092,CNY,UT,Canyonlands Regional,Moab,592,621,710,638
11097,COD,WY,Yellowstone Regional,Cody,1084,696,1038,953
11109,COS,CO,City of Colorado Springs Municipal,Colorado Springs,11163,6614,12072,12203
11111,COU,MO,Columbia Regional,Columbia,3084,1724,1784,1612
11122,CPR,WY,Casper/Natrona County International,Casper,2311,1601,2002,1766
11140,CRP,TX,Corpus Christi International,Corpus Christi,5786,3779,4870,5107
11146,CRW,WV,West Virginia International Yeager,Charleston/Dunbar,5143,2968,3392,3251
11150,CSG,GA,Columbus Airport,Columbus,1293,943,1459,2046
11193,CVG,KY,Cincinnati/Northern Kentucky International,Cincinnati,51086,27356,34987,37659
11197,CVN,NM,Clovis Regional,Clovis,964,737,618,624
11203,CWA,WI,Central Wisconsin,Mosinee,3443,2062,2804,1798
11233,CYS,WY,Cheyenne Regional/Jerry Olson Field,Cheyenne,566,148,205,652
11252,DAB,FL,Daytona Beach International,Daytona Beach,3408,2547,3302,2749
11259,DAL,TX,Dallas Love Field,Dallas,72512,48999,56938,64115
11267,DAY,OH,James M Cox/Dayton International,Dayton,16404,8601,10789,9799
11274,DBQ,IA,Dubuque Regional,Dubuque,985,453,562,441
11278,DCA,VA,Ronald Reagan Washington National,Washington,139960,63918,83542,141620
11288,DEC,IL,Decatur Airport,Decatur,1842,794,599,1005
11292,DEN,CO,Denver International,Denver,288617,199642,267640,277694
11298,DFW,TX,Dallas/Fort Worth International,Dallas/Fort Worth,302386,218379,275116,272740
11308,DHN,AL,Dothan Regional,Dothan,1382,879,1062,933
11315,DIK,ND,Dickinson - Theodore Roosevelt Regional,Dickinson,613,441,532,574
11337,DLH,MN,Duluth International,Duluth,3274,1965,2458,2301
11413,DRO,CO,Durango La Plata County,Durango,4225,2725,4370,3573
11415,DRT,TX,Del Rio International,Del Rio,714,422,642,683
11423,DSM,IA,Des Moines International,Des Moines,18251,11798,14349,14656
11433,DTW,MI,Detroit Metro Wayne County,Detroit,175364,107378,129516,125239
11447,DVL,ND,Devils Lake Regional,Devils Lake,598,573,633,622
11468,EAR,NE,Kearney Regional,Kearney,655,708,941,688
11470,EAT,WA,Pangborn Memorial,Wenatchee,1143,699,794,586
11471,EAU,WI,Chippewa Valley Regional,Eau Claire,698,684,712,494
11481,ECP,FL,Northwest Florida Beaches International,Panama City,6565,6595,9915,7349
11503,EGE,CO,Eagle County Regional,Eagle,2291,1883,2848,2816
11525,EKO,NV,Elko Regional,Elko,672,544,671,361
11537,ELM,NY,Elmira/Corning Regional,Elmira/Corning,2726,1181,1062,1001
11540,ELP,TX,El Paso International,El Paso,19490,10716,14265,17845
11577,ERI,PA,Erie International/Tom Ridge Field,Erie,2539,1470,1546,1386
11587,ESC,MI,Delta County,Escanaba,605,577,675,693
11603,EUG,OR,Mahlon Sweet Field,Eugene,8802,6295,8674,9285
11612,EVV,IN,Evansville Regional,Evansville,5434,3568,3929,2627
11617,EWN,NC,Coastal Carolina Regional,New Bern/Morehead/Beaufort,2524,1471,1474,1235
11618,EWR,NJ,Newark Liberty International,Newark,154377,73283,99639,140548
11624,EYW,FL,Key West International,Key West,8418,6626,11641,9319
11637,FAR,ND,Hector International,Fargo,7413,4989,6436,6181
11638,FAT,CA,Fresno Yosemite International,Fresno,12713,8022,11894,10663
11641,FAY,NC,Fayetteville Regional/Grannis Field,Fayetteville,4077,2782,3396,2877
11648,FCA,MT,Glacier Park International,Kalispell,4727,4170,5706,4426
11695,FLG,AZ,Flagstaff Pulliam,Flagstaff,2482,1815,2883,1998
11697,FLL,FL,Fort Lauderdale-Hollywood International,Fort Lauderdale,100867,62377,88122,84328
11699,FLO,SC,Florence Regional,Florence,1223,609,726,781
11719,FNL,CO,Northern Colorado Regional,Fort Collins/Loveland,0,0,30,96
11721,FNT,MI,Bishop International,Flint,4291,3170,3383,3216
11762,FRD,WA,Friday Harbor Airport,Friday Harbor,2299,1033,1982,2256
11775,FSD,SD,Joe Foss Field,Sioux Falls,8463,5971,8252,7544
11778,FSM,AR,Fort Smith Regional,Fort Smith,2134,1199,1298,1384
11823,FWA,IN,Fort Wayne International,Fort Wayne,7654,5419,6067,5847
11865,GCC,WY,Northeast Wyoming Regional,Gillette,756,558,739,618
11867,GCK,KS,Garden City Regional,Garden City,701,624,708,708
11884,GEG,WA,Spokane International,Spokane,22053,16110,19531,19818
11898,GFK,ND,Grand Forks International,Grand Forks,2098,1205,1271,1401
11905,GGG,TX,East Texas Regional,Longview,941,649,898,772
11921,GJT,CO,Grand Junction Regional,Grand Junction,5221,3659,5255,3908
11953,GNV,FL,Gainesville Regional,Gainesville,5160,3147,3745,3670
11973,GPT,MS,Gulfport-Biloxi International,Gulfport/Biloxi,4572,3411,4045,3734
11977,GRB,WI,Green Bay Austin Straubel International,Green Bay,6225,4024,5211,4845
11980,GRI,NE,Central Nebraska Regional,Grand Island,1116,796,921,923
11982,GRK,TX,Robert Gray AAF,Killeen,3369,2179,2988,2060
11986,GRR,MI,Gerald R. Ford International,Grand Rapids,21422,13269,17379,16526
11995,GSO,NC,Piedmont Triad International,Greensboro/High Point,18342,9110,11196,12066
11996,GSP,SC,Greenville-Spartanburg International,Greer,17916,10558,13594,13953
12003,GTF,MT,Great Falls International,Great Falls,3141,2335,3053,2294
12007,GTR,MS,Golden Triangle Regional,Columbus,1188,891,995,1018
12012,GUC,CO,Gunnison-Crested Butte Regional,Gunnison,787,670,903,981
12094,HDN,CO,Yampa Valley,Hayden,1731,1550,2463,2465
12119,HGR,MD,Hagerstown Regional-Richard A. Henson Field,Hagerstown,1159,164,178,211
12124,HHH,SC,Hilton Head Airport,Hilton Head,2182,1957,4053,2184
12129,HIB,MN,Range Regional,Hibbing,627,586,632,640
12156,HLN,MT,Helena Regional,Helena,2436,1580,1712,1576
12177,HOB,NM,Lea County Regional,Hobbs,740,385,417,569
12191,HOU,TX,William P Hobby,Houston,58673,39468,47183,49666
12197,HPN,NY,Westchester County,White Plains,14247,5295,8814,14454
12206,HRL,TX,Valley International,Harlingen/San Benito,4499,3049,3920,4695
12217,HSV,AL,Huntsville International-Carl T Jones Field,Huntsville,11460,6791,8777,9207
12223,HTS,WV,Tri-State/Milton J. Ferguson Field,Ashland,1564,1002,1300,1119
12244,HVN,CT,Tweed New Haven,New Haven,1071,352,382,2854
12250,HYA,MA,Cape Cod Gateway,Hyannis,5937,3688,4574,2774
12255,HYS,KS,Hays Regional,Hays,1199,813,612,682
12264,IAD,VA,Washington Dulles International,Washington,92585,54249,77576,75817
12265,IAG,NY,Niagara Falls International,Niagara Falls,836,482,378,388
12266,IAH,TX,George Bush Intercontinental/Houston,Houston,178839,101074,150876,147799
12278,ICT,KS,Wichita Dwight D Eisenhower National,Wichita,11688,7922,9478,9800
12280,IDA,ID,Idaho Falls Regional,Idaho Falls,2894,2221,3956,4652
12323,ILM,NC,Wilmington International,Wilmington,8902,5521,7544,8137
12335,IMT,MI,Ford,Iron Mountain/Kingsfd,664,697,727,718
12339,IND,IN,Indianapolis International,Indianapolis,51266,29706,37353,41388
12343,INL,MN,Falls International Einarson Field,International Falls,646,582,622,561
12365,IPT,PA,Williamsport Regional,Williamsport,701,296,205,0
12391,ISP,NY,Long Island MacArthur,Islip,6345,3382,4898,5128
12397,ITH,NY,Ithaca Tompkins International,Ithaca/Cortland,2901,1345,1503,1417
12441,JAC,WY,Jackson Hole,Jackson,4743,3849,6395,4703
12448,JAN,MS,Jackson Medgar Wiley Evers International,Jackson/Vicksburg,8378,5010,8176,8607
12451,JAX,FL,Jacksonville International,Jacksonville,35091,17504,24914,28934
12478,JFK,NY,John F. Kennedy International,New York,125900,54047,82201,132508
12511,JLN,MO,Joplin Regional,Joplin,1336,834,795,629
12519,JMS,ND,Jamestown Regional,Jamestown,932,878,973,703
12544,USA,NC,Concord Padgett Regional,Concord,1357,898,1212,826
12884,LAN,MI,Capital Region International,Lansing,3932,2085,2475,1931
12888,LAR,WY,Laramie Regional,Laramie,598,566,616,586
12889,LAS,NV,Harry Reid International,Las Vegas,169233,106168,140775,174475
12891,LAW,OK,Lawton-Fort Sill Regional,Lawton/Fort Sill,1298,754,1135,1118
12892,LAX,CA,Los Angeles International,Los Angeles,249333,128656,175173,191194
12896,LBB,TX,Lubbock Preston Smith International,Lubbock,7405,4790,5818,6164
12898,LBE,PA,Arnold Palmer Regional,Latrobe,1094,671,1011,878
12899,LBF,NE,North Platte Regional Airport Lee Bird Field,North Platte,602,695,626,644
12902,LBL,KS,Liberal Mid-America Regional,Liberal,614,567,599,606
12915,LCH,LA,Lake Charles Regional,Lake Charles,1952,1229,1732,1733
12917,LCK,OH,Rickenbacker International,Columbus,1030,923,1122,965
12932,LEB,NH,Lebanon Municipal,Lebanon-Hanover,2048,2016,2050,2035
12945,LEX,KY,Blue Grass,Lexington,12268,7235,8596,8954
12951,LFT,LA,Lafayette Regional Paul Fournet Field,Lafayette,5104,3408,4762,4923
12953,LGA,NY,LaGuardia,New York,167083,63593,86431,162197
12954,LGB,CA,Long Beach Airport,Long Beach,15975,8192,11945,15327
12992,LIT,AR,Bill and Hillary Clinton Nat Adams Field,Little Rock,15137,8856,11727,12287
13002,LKE,WA,Lake Union Terminal,Seattle,3652,1286,2400,2600
13029,LNK,NE,Lincoln Airport,Lincoln,3678,1786,2303,2138
13061,LRD,TX,Laredo International,Laredo,2643,1547,2199,2120
13076,LSE,WI,La Crosse Regional,La Crosse,2151,1485,2100,1398
13121,LWB,WV,Greenbrier Valley,Lewisburg,636,554,656,610
13127,LWS,ID,Lewiston Nez Perce County,Lewiston,993,694,1008,1027
13139,LYH,VA,Lynchburg Regional/Preston Glenn Field,Lynchburg,2146,1289,1728,1753
13158,MAF,TX,Midland International Air and Space Port,Midland/Odessa,9775,6156,7731,8762
13184,MBS,MI,MBS International,Saginaw/Bay City/Midland,2935,1747,1770,1621
13198,MCI,MO,Kansas City International,Kansas City,55040,30786,37446,43743
13203,MCN,GA,Middle Georgia Regional,Macon,743,626,654,602
13204,MCO,FL,Orlando International,Orlando,144337,92723,133612,145614
13230,MDT,PA,Harrisburg International,Harrisburg,11375,7177,8940,8455
13232,MDW,IL,Chicago Midway International,Chicago,81023,54809,62893,74349
13241,MEI,MS,Key Field,Meridian,952,611,602,786
13244,MEM,TN,Memphis International,Memphis,28364,16336,20716,21787
13256,MFE,TX,McAllen Miller International,Mission/McAllen/Edinburg,5465,3272,4731,4393
13264,MFR,OR,Rogue Valley International - Medford,Medford,8931,6147,8050,7772
13277,MGM,AL,Montgomery Regional,Montgomery,4679,2856,3609,3289
13290,MHK,KS,Manhattan Regional,Manhattan/Ft. Riley,1931,900,1421,1694
13296,MHT,NH,Manchester Boston Regional,Manchester,10869,5803,6263,7378
13303,MIA,FL,Miami International,Miami,88522,54027,91082,104355
13342,MKE,WI,General Mitchell International,Milwaukee,34769,20446,25461,26621
13344,MKG,MI,Muskegon County,Muskegon,696,602,705,754
13360,MLB,FL,Melbourne Orlando International,Melbourne,2670,1978,2630,2476
13367,MLI,IL,Quad Cities International,Moline,6587,3705,4336,4385
13377,MLU,LA,Monroe Regional,Monroe,2911,2049,2434,1989
13388,MMH,CA,Mammoth Lakes Airport,Mammoth Lakes,452,201,32,375
13422,MOB,AL,Mobile Regional,Mobile,6717,4361,5184,4696
13433,MOT,ND,Minot International,Minot,2866,2172,2763,2228
13459,MQT,MI,Sawyer International,Marquette,1378,1073,1456,1061
13476,MRY,CA,Monterey Regional,Monterey,4758,2496,3613,4108
13485,MSN,WI,Dane County Regional-Truax Field,Madison,16039,9085,10908,11758
13486,MSO,MT,Missoula Montana,Missoula,5838,4321,5977,4716
13487,MSP,MN,Minneapolis-St Paul International,Minneapolis,171588,103368,130128,128527
13495,MSY,LA,Louis Armstrong New Orleans International,New Orleans,57575,30390,36557,48052
13502,MTJ,CO,Montrose Regional,Montrose/Delta,2987,2089,3058,2983
13541,MVY,MA,Martha's Vineyard Airport,Martha's Vineyard,4403,2560,4652,4367
13543,MWA,IL,Veterans Airport of Southern Illinois,Marion/Herrin,1849,1904,1852,1716
13577,MYR,SC,Myrtle Beach International,Myrtle Beach,11932,7782,16729,16521
16218,YUM,AZ,Yuma MCAS/Yuma International,Yuma,1932,1322,1965,1651
13795,OAJ,NC,Albert J Ellis,Jacksonville/Camp Lejeune,3381,2545,3144,2379
13796,OAK,CA,Metro Oakland International,Oakland,54425,29785,35222,47125
13829,OGD,UT,Ogden-Hinckley,Ogden,108,87,250,93
13832,OGS,NY,Ogdensburg International,Ogdensburg,833,610,611,527
13851,OKC,OK,Will Rogers World,Oklahoma City,25834,15885,19826,20994
13871,OMA,NE,Eppley Airfield,Omaha,27104,16562,20897,21511
13891,ONT,CA,Ontario International,Ontario,23030,15516,20054,23354
13930,ORD,IL,Chicago O'Hare International,Chicago,392793,215965,285802,291702
13931,ORF,VA,Norfolk International,Norfolk,26628,14304,19318,23076
13933,ORH,MA,Worcester Regional,Worcester,1666,635,360,1618
13964,OTH,OR,Southwest Oregon Regional,North Bend/Coos Bay,364,294,328,332
13983,OWB,KY,Owensboro Daviess County Regional,Owensboro,1164,1179,1159,1094
14004,PAE,WA,Snohomish County,Everett,6929,2727,2131,4229
14006,PAH,KY,Barkley Regional,Paducah,1239,650,700,796
14025,PBG,NY,Plattsburgh International,Plattsburgh,1345,966,783,957
14027,PBI,FL,Palm Beach International,West Palm Beach/Palm Beach,26806,15918,21796,24498
14057,PDX,OR,Portland International,Portland,88227,49717,56625,59640
14081,PGA,AZ,Page Municipal,Page,704,560,586,585
14082,PGD,FL,Punta Gorda Airport,Punta Gorda,5337,5143,5876,5935
14092,PGV,NC,Pitt Greenville,Greenville,1484,683,907,786
14098,PHF,VA,Newport News/Williamsburg International,Newport News/Williamsburg,3938,1993,1903,1700
14100,PHL,PA,Philadelphia International,Philadelphia,153660,85267,102108,102226
14107,PHX,AZ,Phoenix Sky Harbor International,Phoenix,179345,119729,161978,166309
14108,PIA,IL,General Downing - Peoria International,Peoria,5873,3722,3441,3771
14109,PIB,MS,Hattiesburg-Laurel Regional,Hattiesburg/Laurel,694,586,606,660
14112,PIE,FL,St Pete Clearwater International,St. Petersburg,7697,6302,7485,7661
14113,PIH,ID,Pocatello Regional,Pocatello,1101,855,945,367
14120,PIR,SD,Pierre Regional,Pierre,631,584,910,617
14122,PIT,PA,Pittsburgh International,Pittsburgh,57617,33878,38192,43820
14150,PLN,MI,Pellston Regional Airport of Emmet County,Pellston,1060,907,898,733
14193,PNS,FL,Pensacola International,Pensacola,14173,9929,14916,12139
14231,PQI,ME,Presque Isle International,Presque Isle/Houlton,568,403,536,579
14237,PRC,AZ,Prescott Regional Ernest A Love Field,Prescott,730,690,971,729
14252,PSC,WA,Tri Cities,Pasco/Kennewick/Richland,6975,4558,5944,5991
14259,PSM,NH,Portsmouth International at Pease,Portsmouth,422,280,331,365
14262,PSP,CA,Palm Springs International,Palm Springs,12653,9414,13677,14804
14288,PUB,CO,Pueblo Memorial,Pueblo,924,719,656,516
14303,PUW,WA,Pullman Moscow Regional,Pullman,1280,807,947,1351
14306,PVC,MA,Provincetown Municipal,Provincetown,2116,909,1727,1492
14307,PVD,RI,Rhode Island Tf Green International,Providence,19860,9772,12651,16915
14314,PVU,UT,Provo Municipal,Provo,740,579,896,1456
14321,PWM,ME,Portland International Jetport,Portland,14792,7971,11618,11380
14457,RAP,SD,Rapid City Regional,Rapid City,6145,4053,5974,4553
14487,RDD,CA,Redding Municipal,Redding,1364,652,1321,1951
14489,RDM,OR,Roberts Field,Bend/Redmond,8788,6752,8222,8039
14492,RDU,NC,Raleigh-Durham International,Raleigh/Durham,69320,32509,43802,52886
14512,RFD,IL,Chicago/Rockford International,Rockford,787,701,769,773
14520,RHI,WI,Rhinelander/Oneida County,Rhinelander,796,686,925,711
14524,RIC,VA,Richmond International,Richmond,28816,14418,19514,23900
14534,RIW,WY,Central Wyoming Regional,Riverton/Lander,1020,486,576,391
14543,RKS,WY,Southwest Wyoming Regional,Rock Springs,715,525,573,390
14570,RNO,NV,Reno/Tahoe International,Reno,23348,13824,20647,19896
14574,ROA,VA,Roanoke Blacksburg Regional,Roanoke,7258,4616,5323,5667
14576,ROC,NY,Frederick Douglass Grtr Rochester International,Rochester,18369,9263,11537,15667
14588,ROW,NM,Roswell Air Center,Roswell,1406,785,1194,1245
14633,RST,MN,Rochester International,Rochester,4091,2295,2873,1738
14635,RSW,FL,Southwest Florida International,Fort Myers,35213,28973,41194,36063
14674,SAF,NM,Santa Fe Municipal,Santa Fe,2802,1538,2075,2507
14679,SAN,CA,San Diego International,San Diego,98073,53172,63650,84594
14683,SAT,TX,San Antonio International,San Antonio,42359,22500,27999,34468
14685,SAV,GA,Savannah/Hilton Head International,Savannah,18568,10780,18148,18498
14689,SBA,CA,Santa Barbara Municipal,Santa Barbara,9894,5293,7139,7750
14696,SBN,IN,South Bend International,South Bend,7709,5129,6133,5585
14698,SBP,CA,San Luis County Regional,San Luis Obispo,5532,3934,3841,4953
14704,SBY,MD,Salisbury-Ocean City/Wicomico Regional,Salisbury,1905,1372,1576,1212
14711,SCE,PA,University Park,State College,4992,2789,3201,2537
14716,SCK,CA,Stockton Metro,Stockton,1032,596,644,599
14730,SDF,KY,Louisville Muhammad Ali International,Louisville,27957,15437,20903,22381
14747,SEA,WA,Seattle/Tacoma International,Seattle,191481,128663,166105,170993
14761,SFB,FL,Orlando Sanford International,Sanford,10755,7550,9452,8836
14771,SFO,CA,San Francisco International,San Francisco,173150,87413,98331,129112
14783,SGF,MO,Springfield-Branson National,Springfield,10933,6922,8411,8363
14794,SGU,UT,St George Regional,St. George,2600,2653,3832,2855
14802,SHD,VA,Shenandoah Valley Regional,Staunton,696,686,690,701
14812,SHR,WY,Sheridan County,Sheridan,715,477,712,622
14814,SHV,LA,Shreveport Regional,Shreveport,7032,4543,5460,5227
14831,SJC,CA,Norman Y. Mineta San Jose International,San Jose,69815,34133,37717,52300
14842,SJT,TX,San Angelo Regional/Mathis Field,San Angelo,1855,1202,2042,1387
14869,SLC,UT,Salt Lake City International,Salt Lake City,121186,90073,118871,109164
14877,SLN,KS,Salina Regional,Salina,916,644,685,812
14893,SMF,CA,Sacramento International,Sacramento,57415,34622,42983,52795
14905,SMX,CA,Santa Maria Public/Capt. G. Allan Hancock Field,Santa Maria,194,139,315,130
14908,SNA,CA,John Wayne Airport-Orange County,Santa Ana,43977,23891,36211,45978
14952,SPI,IL,Abraham Lincoln Capital,Springfield,1746,1145,1419,1310
14960,SPS,TX,Sheppard AFB/Wichita Falls Municipal,Wichita Falls,1223,740,1240,1082
14986,SRQ,FL,Sarasota/Bradenton International,Sarasota/Bradenton,8647,7674,16131,15184
15008,STC,MN,St. Cloud Regional,St. Cloud,133,131,137,109
15016,STL,MO,St Louis Lambert International,St. Louis,82886,52938,56306,64739
15023,STS,CA,Charles M. Schulz - Sonoma County,Santa Rosa,4129,2815,3727,4709
15041,SUN,ID,Friedman Memorial,Sun Valley/Hailey/Ketchum,1598,1320,2098,1827
15048,SUX,IA,Sioux Gateway Brig Gen Bud Day Field,Sioux City,1293,718,871,684
15070,SWF,NY,New York Stewart International,Newburgh/Poughkeepsie,2853,950,718,843
15074,SWO,OK,Stillwater Regional,Stillwater,846,540,540,705
15096,SYR,NY,Syracuse Hancock International,Syracuse,17298,8451,11917,15282
15177,TEX,CO,Telluride Regional,Telluride,889,282,431,638
15249,TLH,FL,Tallahassee International,Tallahassee,7506,4437,5542,5597
15295,TOL,OH,Eugene F Kranz Toledo Express,Toledo,2057,1335,1295,860
15304,TPA,FL,Tampa International,Tampa,80691,51063,70386,74771
15323,TRI,TN,Tri Cities,Bristol/Johnson City/Kingsport,4381,3099,3519,3847
15356,TTN,NJ,Trenton Mercer,Trenton,2936,1181,1810,2171
15370,TUL,OK,Tulsa International,Tulsa,18303,11159,14349,16272
15374,TUP,MS,Tupelo Regional,Tupelo,992,879,784,702
15376,TUS,AZ,Tucson International,Tucson,19905,12462,15421,16211
15380,TVC,MI,Cherry Capital,Traverse City,5572,3747,5454,4772
15389,TWF,ID,Joslin Field - Magic Valley Regional,Twin Falls,1280,953,1179,435
15401,TXK,AR,Texarkana Regional-Webb Field,Texarkana,1208,759,1048,1244
15411,TYR,TX,Tyler Pounds Regional,Tyler,1519,1004,1335,1201
15412,TYS,TN,McGhee Tyson,Knoxville,21144,12313,15576,15942
15454,UIN,IL,Quincy Regional-Baldwin Field,Quincy,594,1908,1841,1169
15582,VEL,UT,Vernal Regional,Vernal,587,551,603,490
15607,VLD,GA,Valdosta Regional,Valdosta,1040,822,1176,1004
15624,VPS,FL,Eglin AFB Destin Fort Walton Beach,Valparaiso,8833,7089,11713,8706
15855,WST,RI,Westerly State,Westerly,4110,3236,4032,3679
15919,XNA,AR,Northwest Arkansas National,Fayetteville,15445,8386,10284,11989
16101,YKM,WA,Yakima Air Terminal/McAllister Field,Yakima,1224,726,752,600
16869,XWA,ND,Williston Basin International,Williston,2057,854,1132,1481
